name,country,city,website,services,source,sourceUrl,blurb,keywords
"Blue Ocean Global Technology
","
","
","https://www.blueoceanglobaltech.com/
","
","google_places
","
","
",
"DPDK - Brand innovation agency for the bold
","
","
","https://dpdk.com/contact/brand-innovation-agency-new-york?utm_source=google&utm_medium=my-business&utm_campaign=newyork
","
","google_places
","
","
",
"Jives Media
","
","
","https://www.jivesmedia.com/digital-marketing-agency-in-manhattan-ny/
","
","google_places
","
","
",
"Marz Agency
","
","
","https://marzagency.com/
","
","google_places
","
","
",
"inBeat Agency
","
","
","https://inbeat.agency/locations/new-york/influencer-marketing
","
","google_places
","
","
",
"Digitalux
","
","
","http://digitalux.co/
","
","google_places
","
","
",
"DiscoverMyBusiness Digital Marketing Agency
","
","
","https://discovermybusiness.co/
","
","google_places
","
","
",
"Aumcore
","
","
","https://www.aumcore.com/?utm_source=google&utm_medium=organic&utm_campaign=GMB
","
","google_places
","
","
",
"DS&P Digital Marketing & PR Agency
","
","
","https://www.dial911fordesign.com/
","
","google_places
","
","
",
"Chauncey Agency (Experts in Digital Marketing, SEO, E-Commerce, & Social Media)
","
","
","https://chauncey.agency/
","
","google_places
","
","
",
"Estes Media - Digital Marketing Agency, NJ
","
","
","https://www.estesmedia.com/
","
","google_places
","
","
",
"Branding New York City
","
","
","https://www.brandingnycity.com/
","
","google_places
","
","
",
"3:5 Creative[s]
","
","
","https://35creatives.com/
","
","google_places
","
","
",
"GCNY Marketing
","
","
","http://gcnymarketing.com/
","
","google_places
","
","
",
"Digital Drew SEM
","
","
","https://www.digitaldrewsem.com/
","
","google_places
","
","
",
"MeanPug Digital
","
","
","https://www.meanpug.com/
","
","google_places
","
","
",
"Netrocket HVAC Marketing Agency
","
","
","https://netrocket.pro/?utm_source=google&utm_medium=gmb&utm_campaign=ny
","
","google_places
","
","
",
"Creative 360 Pro | Web Design | PPC & SEO Agency
","
","
","https://creative360pro.com/
","
","google_places
","
","
",
"Pix-l Graphx - Design & Digital Marketing Agency
","
","
","https://pixlgraphx.com/
","
","google_places
","
","
",
"Creative House
","
","
","https://creativehouse.marketing/
","
","google_places
","
","
",
"The Good Marketer | Digital Marketing Agency London
","
","
","https://www.thegoodmarketer.co.uk/
","
","google_places
","
","
",
"Make Agency
","
","
","http://makeagency.co.uk/
","
","google_places
","
","
",
"(hug)london Branding
","
","
","https://huglondon.com/
","
","google_places
","
","
",
"Bambu Digital Marketing Agency
","
","
","https://www.bambuagency.com/
","
","google_places
","
","
",
"Influence Digital
","
","
","https://influence.digital/
","
","google_places
","
","
",
"London Marketing Company - Marketing | Web Design | SEO Agency London
","
","
","https://londonmarketingcompany.co.uk/?utm_source=google&utm_medium=organic&utm_campaign=gmb-profile
","
","google_places
","
","
",
"Visionary Marketing | Digital Marketing Agency London
","
","
","https://visionary-marketing.co.uk/digital-marketing-agency-london
","
","google_places
","
","
",
"Passion Digital
","
","
","https://passion.digital/?utm_source=google&utm_medium=organic&utm_campaign=googlemybusiness
","
","google_places
","
","
",
"Disturb Digital
","
","
","https://disturbdigital.com/
","
","google_places
","
","
",
"Digital Willow
","
","
","https://www.digitalwillow.biz/
","
","google_places
","
","
",
"Elevate Digital
","
","
","https://elevate-digital-solutions.com/
","
","google_places
","
","
",
"Catch Digital
","
","
","http://www.catchdigital.com/
","
","google_places
","
","
",
"Burst Digital
","
","
","https://burstdgtl.com/?utm_source=Google+Business+Profile&utm_medium=Profile+Clicks
","
","google_places
","
","
",
"Nautilus Marketing
","
","
","https://nautilusmarketing.co.uk/
","
","google_places
","
","
",
"Why Media
","
","
","https://whymedia.com/
","
","google_places
","
","
",
"Figment Agency
","
","
","https://www.figmentagency.com/
","
","google_places
","
","
",
"CEEK Marketing
","
","
","https://ceek.co.uk/
","
","google_places
","
","
",
"Jain marketing Vista ltd// Best Digital Marketing Agency in London UK// 3D, CGI,VFX Video
","
","
","https://jainmarketingvistaltd.com/
","
","google_places
","
","
",
"Dream Digital Agency
","
","
","https://dreamdigital.agency/
","
","google_places
","
","
",
"303 London
","
","
","http://www.303.london/
","
","google_places
","
","
",
"achso! Digital Creative Agency
","
","
","http://achso.media/
","
","google_places
","
","
",
"ODESEA Digital Creative - Berlin Online Marketing Agency
","
","
","https://ogno.io/
","
","google_places
","
","
",
"Creative Mind Agency
","
","
","http://www.creativemind.agency/
","
","google_places
","
","
",
"360 Agency Berlin
","
","
","
","
","google_places
","
","
",
"HY.AM STUDIOS
","
","
","https://www.hyam.de/
","
","google_places
","
","
",
"Anne Grabs - Social Media Marketing
","
","
","http://annegrabs.de/
","
","google_places
","
","
",
"Growthartig - Growth Marketing Agency
","
","
","https://growthartig.io/
","
","google_places
","
","
",
"FOUNDRY Berlin GmbH
","
","
","http://foundry.berlin/
","
","google_places
","
","
",
"Peak Ace AG
","
","
","https://peakace.agency/
","
","google_places
","
","
",
"Phiture — Mobile Growth Consultancy & Agency
","
","
","https://phiture.com/
","
","google_places
","
","
",
"Locally Visible - Agentur für lokales SEO - Atlas Marketing GmbH
","
","
","https://locally-visible.de/
","
","google_places
","
","
",
"Berliner Digitalbüro
","
","
","https://www.berliner-digitalbuero.de/
","
","google_places
","
","
",
"GRID Agency
","
","
","http://www.grid-agency.de/
","
","google_places
","
","
",
"SEO Agentur Digitaleffects GmbH
","
","
","https://digitaleffects.de/
","
","google_places
","
","
",
"Netzbekannt - Die Online-Marketing & SEO-Agentur Berlin
","
","
","https://netzbekannt.de/
","
","google_places
","
","
",
"dskom digital.marketing.agentur
","
","
","https://www.dskom.de/?utm_source=maps.google.com&utm_medium=organic&utm_campaign=google-business-profile
","
","google_places
","
","
",
"MEWIGO | WordPress Agentur Berlin | Werbeagentur Berlin
","
","
","https://www.mewigo.de/
","
","google_places
","
","
",
"Fairplay SEO
","
","
","https://fairplayseo.de/
","
","google_places
","
","
",
"Performance Marketing Agentur firststars GmbH
","
","
","https://www.firststars.com/
","
","google_places
","
","
",
"SOHO Creative Group
","
","
","https://sohocreativegroup.com/
","
","google_places
","
","
",
"Flying For You
","
","
","https://www.flyingforyou.fr/
","
","google_places
","
","
",
"Clark Influence
","
","
","https://www.clarkinfluence.com/acceuil
","
","google_places
","
","
",
"Junto - Agence SEA, SMA, SEO
","
","
","https://junto.fr/
","
","google_places
","
","
",
"Agence Pickers - Paris
","
","
","https://www.agence-pickers.fr/
","
","google_places
","
","
",
"Gemme Agency
","
","
","https://gemme-agency.fr/
","
","google_places
","
","
",
"✅ Agence de marketing digital - Drift Digital Paris
","
","
","https://driftdigital.fr/
","
","google_places
","
","
",
"Agence Amplify-Marketing Digital
","
","
","http://amplify-service.com/
","
","google_places
","
","
",
"Mars Branding
","
","
","https://marsbranding.com/
","
","google_places
","
","
",
"Inbound Value
","
","
","https://www.inboundvalue.com/
","
","google_places
","
","
",
"Growth Room - agence growth hacking / marketing
","
","
","https://growthroom.co/
","
","google_places
","
","
",
"Nubet
","
","
","https://nubet.fr/
","
","google_places
","
","
",
"MH ENTERTAINMENT
","
","
","https://www.mhentertainment-shop.fr/
","
","google_places
","
","
",
"MyDigiCompany
","
","
","https://www.mydigicompany.com/
","
","google_places
","
","
",
"ETHDIGITAL
","
","
","https://ethdigital.fr/
","
","google_places
","
","
",
"MY SMART PARTNER Agence Digitale Paris
","
","
","http://www.mysmartpartner.fr/
","
","google_places
","
","
",
"visionary marketing
","
","
","https://antimuseum.com/
","
","google_places
","
","
",
"KOOK AGENCY
","
","
","http://www.kook-agency.fr/
","
","google_places
","
","
",
"Webavis
","
","
","https://webavis.fr/
","
","google_places
","
","
",
"Let's Clic
","
","
","https://www.lets-clic.com/
","
","google_places
","
","
",
"Sharing
","
","
","https://www.sharing.agency/
","
","google_places
","
","
",
"Advance B2B
","
","
","https://www.advanceb2b.com/
","
","google_places
","
","
",
"Kubla Marketing Helsinki
","
","
","https://kubla.fi/
","
","google_places
","
","
",
"Truly Agency
","
","
","http://trulyagency.com/
","
","google_places
","
","
",
"Antibe - Digital Marketing Agency
","
","
","https://antibe.co/
","
","google_places
","
","
",
"Markkinointitoimisto Julkee x Lempee
","
","
","http://www.julkeexlempee.fi/
","
","google_places
","
","
",
"VSCY
","
","
","https://www.vscy.fi/?utm_source=google&utm_medium=wix_google_business_profile&utm_campaign=16187056677254903667
","
","google_places
","
","
",
"MacWell
","
","
","https://www.macwell.fi/
","
","google_places
","
","
",
"The F Company
","
","
","http://www.thefcompany.com/
","
","google_places
","
","
",
"Sisu Digital
","
","
","https://sisudigital.fi/
","
","google_places
","
","
",
"Digiteam Oy
","
","
","https://digiteam.fi/
","
","google_places
","
","
",
"EEKA – Creative Marketing Solutions | Eerika Karppinen
","
","
","https://www.eerikakarppinen.com/
","
","google_places
","
","
",
"Draivi (Draivi Media Oy)
","
","
","http://www.draivi.com/
","
","google_places
","
","
",
"Best Freelance Services - Xp Freelancer
","
","
","https://www.xpfreelancer.com/
","
","google_places
","
","
",
"Fabrik Advertising Agency Ltd
","
","
","http://www.fabrik.fi/
","
","google_places
","
","
",
"MS Marketing
","
","
","http://www.msmarketing.fi/
","
","google_places
","
","
",
"Harva marketing
","
","
","https://www.wavecrest.io/fi/
","
","google_places
","
","
",
"Virta UM
","
","
","http://virtamedia.com/
","
","google_places
","
","
",
"Martekings
","
","
","
","
","google_places
","
","
",
"San Francisco Agency
","
","
","https://sanfrancisco.fi/
","
","google_places
","
","
",
"Dirty Agency
","
","
","https://www.dirty.fi/
","
","google_places
","
","
",
"Raqs
","
","
","https://raqs.nu/
","
","google_places
","
","
",
"Pixeltokig
","
","
","https://www.pixeltokig.se/
","
","google_places
","
","
",
"SearchX | Stockholm SEO Agency
","
","
","https://www.searchxpro.com/
","
","google_places
","
","
",
"Beast Productions - Marknadsföringsbyrå
","
","
","https://beastproductions.se/
","
","google_places
","
","
",
"Beep Beep Agency
","
","
","https://www.beepbeep.agency/
","
","google_places
","
","
",
"Beatly AB | Influencer Marketing
","
","
","http://www.beatly.com/
","
","google_places
","
","
",
"Adsight
","
","
","https://www.adsight.se/?utm_source=google&utm_medium=mybusiness
","
","google_places
","
","
",
"HOLY Reklambyrå
","
","
","http://www.holy.agency/
","
","google_places
","
","
",
"NovaGen Global | Digital Marknadsföring företag
","
","
","https://novagenglobal.com/
","
","google_places
","
","
",
"Noor Digital - Stockholm
","
","
","https://noordigital.com/
","
","google_places
","
","
",
"Precis
","
","
","https://www.precisdigital.com/
","
","google_places
","
","
",
"Suavo Media
","
","
","https://www.suavomedia.se/
","
","google_places
","
","
",
"Perfect Fools
","
","
","http://www.perfectfools.com/
","
","google_places
","
","
",
"Maia Marketing AB
","
","
","http://www.maiamarketing.se/
","
","google_places
","
","
",
"Emax Media
","
","
","https://emaxmedia.se/
","
","google_places
","
","
",
"Creed Media Group
","
","
","http://www.creedmedia.com/
","
","google_places
","
","
",
"NEVERMYND
","
","
","http://www.nevermynd.se/
","
","google_places
","
","
",
"First Lady Agency
","
","
","http://www.first-lady.se/
","
","google_places
","
","
",
"Happy Digital
","
","
","https://happydigital.se/
","
","google_places
","
","
",
"Taylerd AB
","
","
","http://www.taylerd.com/sv/
","
","google_places
","
","
",
"SEOSEM24 - Pozycjonowanie stron www Warszawa, Tworzenie stron www Warszawa, agencja reklamowa Warszawa
","
","
","https://www.seosem24.pl/
","
","google_places
","
","
",
"Coinband Web3 Marketing Agency
","
","
","https://coinband.io/?utm_source=google&utm_medium=organic&utm_campaign=google-my-business&utm_id=1
","
","google_places
","
","
",
"LEMON AGENCY
","
","
","https://pl.lemonagency.net/
","
","google_places
","
","
",
"Double Digital ® - Double or Nothing
","
","
","https://double-digital.pl/?utm_source=gmf&utm_medium=organic&utm_campaign=gmf
","
","google_places
","
","
",
"NDH Projects Polska - Agencja Marketingowa Warszawa
","
","
","http://ndhprojects.com/
","
","google_places
","
","
",
"Digital Bunch Warsaw
","
","
","https://thedigitalbunch.com/
","
","google_places
","
","
",
"In2Web | Projektowanie Stron Warszawa, Strony Internetowe, Sklepy, Pozycjonowanie stron | Agencja Interaktywna
","
","
","https://in2web.pl/
","
","google_places
","
","
",
"Brandbook kobieca agencja reklamowa
","
","
","https://brandbook.agency/
","
","google_places
","
","
",
"Efectownia - pozycjonowanie stron i kampanie Google Ads dla Twojego biznesu | Agencja marketingowa Warszawa
","
","
","https://efectownia.pl/?utm_source=google&utm_medium=gmb
","
","google_places
","
","
",
"PAGEART - Agencja Interaktywna / E-commerce / Software House / Marketing / SEO
","
","
","https://pageart.agency/
","
","google_places
","
","
",
"Cyber Soul - PR & Social Media & Influencer Marketing
","
","
","http://cybersoul.pl/
","
","google_places
","
","
",
"i - Marketing
","
","
","https://i-marketing.pl/
","
","google_places
","
","
",
"mbridge
","
","
","https://www.mbridge.pl/kontakt/
","
","google_places
","
","
",
"Performance Labs Agency
","
","
","http://www.performancelabs.pl/
","
","google_places
","
","
",
"DNS Group
","
","
","https://www.dnsgroup.pl/
","
","google_places
","
","
",
"Duda-Design | Strony Internetowe Warszawa | Social Media Marketing | Strony, Sklepy WWW | Agencja Interaktywna
","
","
","https://duda-design.pl/
","
","google_places
","
","
",
"dotnpixel: SEO, Website Design & Development Agency Warsaw, Poland
","
","
","https://www.dotnpixel.pl/
","
","google_places
","
","
",
"Agencja Marketingowa Michumedia Warszawa
","
","
","https://michumedia.pl/agencja-marketingowa-warszawa/
","
","google_places
","
","
",
"One Trend Karolina Kowalewska - Agencja Marketingowa
","
","
","https://onetrend.pl/
","
","google_places
","
","
",
"Lightcraft Media
","
","
","http://www.lightcraftmedia.pl/
","
","google_places
","
","
",
"Mediabrands Digital
","
","
","http://www.mbd.ee/
","
","google_places
","
","
",
"International Tramp OÜ
","
","
","https://internationaltramp.com/
","
","google_places
","
","
",
"PRNEWS.IO
","
","
","https://prnews.io/
","
","google_places
","
","
",
"Menford Agency
","
","
","https://www.menford.com/
","
","google_places
","
","
",
"Nobel Digital
","
","
","https://www.nobeldigital.ee/
","
","google_places
","
","
",
"Sweep.Agency
","
","
","https://www.wearesweep.com/
","
","google_places
","
","
",
"Society Web Solutions
","
","
","http://www.societywebsolutions.com/
","
","google_places
","
","
",
"Lavii
","
","
","http://www.lavii.ee/
","
","google_places
","
","
",
"Creative Union
","
","
","https://creativeunion.com/
","
","google_places
","
","
",
"Noninfluencer
","
","
","https://www.noninfluencer.com/
","
","google_places
","
","
",
"TWO11
","
","
","http://two11.ee/
","
","google_places
","
","
",
"Five Talents Marketing Agency
","
","
","https://www.fivetalents.ai/
","
","google_places
","
","
",
"Dreammarketing
","
","
","https://dreammarketing.ee/
","
","google_places
","
","
",
"Nobosoft
","
","
","https://nobosoft.eu/
","
","google_places
","
","
",
"1 Digi Studio OÜ
","
","
","http://www.1digistudio.ee/
","
","google_places
","
","
",
"OZ Digital OÜ
","
","
","
","
","google_places
","
","
",
"b2bspace
","
","
","https://www.b2bspace.eu/
","
","google_places
","
","
",
"Klewer Marketing Agency (Google Ads Reklaamid)
","
","
","https://klewermarketing.com/
","
","google_places
","
","
",
"Southbank AI
","
","
","https://www.southbank.ai/
","
","google_places
","
","
",
"Optimist Digital
","
","
","https://optimist.digital/?utm_source=Google&utm_medium=MyBusiness&utm_campaign=organic&utm_content=Website
","
","google_places
","
","
",
"FB Communication Agency
","
","
","https://www.fbcommunicationagency.com/
","
","google_places
","
","
",
"Bliss Agency | Branding Manager
","
","
","https://blissagency.it/
","
","google_places
","
","
",
"226Lab | Agenzia Marketing Milano
","
","
","https://www.226lab.com/it
","
","google_places
","
","
",
"Digital Coach Alessandro De Tommaso
","
","
","https://www.alessandrodetommaso.it/
","
","google_places
","
","
",
"Web Agency Milano - Web Revolution
","
","
","https://www.webrevolutionagency.com/
","
","google_places
","
","
",
"Thrive x: Intelligenza Artificiale applicata al Marketing
","
","
","http://www.thrivex.it/
","
","google_places
","
","
",
"Youtoo Digital | Web Agency Milano | Social Media Marketing
","
","
","http://www.youtoo.digital/
","
","google_places
","
","
",
"Cdweb - B2B Digital Marketing
","
","
","https://www.cdweb.it/
","
","google_places
","
","
",
"I Love Marketing
","
","
","https://www.ilovemarketing.it/
","
","google_places
","
","
",
"Very Content - Digital agency
","
","
","https://www.verycontent.it/
","
","google_places
","
","
",
"Isola di Comunicazione
","
","
","https://www.isoladicomunicazione.com/
","
","google_places
","
","
",
"Viva Digital
","
","
","https://www.vivadigital.it/
","
","google_places
","
","
",
"Bcbrandesign | Branding & Advertising, creative design agency
","
","
","https://bcbrandesign.com/
","
","google_places
","
","
",
"Ads Marketing
","
","
","https://www.adsmarketing.it/
","
","google_places
","
","
",
"Instasamy
","
","
","https://instasamy.com/
","
","google_places
","
","
",
"Hermes Marketing
","
","
","https://www.hermesmarketing.it/
","
","google_places
","
","
",
"Oniro Agency
","
","
","https://www.oniroagency.com/
","
","google_places
","
","
",
"Artwork - Web Agency Milano e Realizzazione Siti
","
","
","https://www.artworkstudios.it/
","
","google_places
","
","
",
"Psicologi Digitali - Web agency
","
","
","https://psicologidigitali.it/
","
","google_places
","
","
",
"Personal Branding | Agenzia Stand Out Milano
","
","
","http://www.standout.agency/
","
","google_places
","
","
",
"Agencia Influencers Madrid | Hello Monday
","
","
","https://www.helloomonday.com/agencia-de-influencers-en-madrid/
","
","google_places
","
","
",
"Liten Lemon - Agencia de Marketing en Madrid
","
","
","https://litenlemon.com/?utm_source=google&utm_medium=organic&utm_campaign=gbp
","
","google_places
","
","
",
"TALENTUM DIGITAL
","
","
","https://talentumdigital.com/
","
","google_places
","
","
",
"Grouber Marketing | Agencia de Marketing Digital
","
","
","https://groubermarketing.com/
","
","google_places
","
","
",
"Distrito Agencia
","
","
","https://distritoagencia.com/
","
","google_places
","
","
",
"Naxom Agency | Agencia de Marketing Digital en Madrid
","
","
","http://www.naxomagency.com/
","
","google_places
","
","
",
"Comunicare | Agencia de marketing y comunicación - Marketing Agency Madrid
","
","
","https://www.comunicare.es/
","
","google_places
","
","
",
"Comodoro Marketing - Agencia de Marketing Digital Madrid
","
","
","https://comodoromarketing.es/?utm_source=google&utm_medium=gbp
","
","google_places
","
","
",
"Creativia Marketing Digital
","
","
","http://www.creativia.es/
","
","google_places
","
","
",
"Marketing agency in Madrid
","
","
","https://ecoeureka.com/
","
","google_places
","
","
",
"Clientesonyoffline - Marketing
","
","
","https://clientesonyoffline.es/
","
","google_places
","
","
",
"Let's Marketing
","
","
","https://www.letsmarketing.com/
","
","google_places
","
","
",
"Groowly Digital
","
","
","http://www.groowly.com/
","
","google_places
","
","
",
"Eskimoz | Agencia de Marketing Digital Internacional
","
","
","https://www.eskimoz.es/
","
","google_places
","
","
",
"WT PUBLICIDAD CAMIROOLL
","
","
","https://camirooll.es/empresas/
","
","google_places
","
","
",
"KreativeWork
","
","
","https://www.kreativework.com/
","
","google_places
","
","
",
"Dos Setenta
","
","
","https://dossetenta.com/?utm_source=google&utm_medium=maps&utm_campaign=Google+Maps
","
","google_places
","
","
",
"Creativ Innova
","
","
","https://creativinnova.es/
","
","google_places
","
","
",
"PC Marketing Agency
","
","
","https://pcmarketingagency.com/
","
","google_places
","
","
",
"Luxurycomm, S.L.
","
","
","http://www.luxurycomm.com/
","
","google_places
","
","
",
"SHOUT IN & OUT | Best Digital Marketing Agency in Mumbai | Social Media Marketing | Lead Generation | Reel Marketing
","
","
","https://shoutinandout.com/
","
","google_places
","
","
",
"A&B - Luxury Digital Agency
","
","
","https://anbluxury.com/?utm_source=google&utm_medium=organic&utm_campaign=gmb
","
","google_places
","
","
",
"Crewtangle LLP - Brand Marketing Agency
","
","
","http://crewtangle.com/
","
","google_places
","
","
",
"Syspree Web Design Company in Mumbai | Digital Marketing Agency in Mumbai | SEO Company | PPC | India
","
","
","https://syspree.com/locations/mumbai/
","
","google_places
","
","
",
"Fruitbowl Digital
","
","
","http://www.fruitbowldigital.com/
","
","google_places
","
","
",
"DigiChefs
","
","
","https://digichefs.com/
","
","google_places
","
","
",
"Hitesh Motwani Digital Marketing Trainer and Agency
","
","
","http://www.hiteshmotwani.com/
","
","google_places
","
","
",
"Nextwave Digital - Best Digital Marketing Agency in Navi Mumbai/thane/mumbai
","
","
","http://nextwavedigitals.com/
","
","google_places
","
","
",
"Media Barn - Digital Marketing Agency
","
","
","http://www.mediabarn.co.in/
","
","google_places
","
","
",
"Scale Delight - Digital Marketing Agency in Mumbai
","
","
","https://scaledelight.com/
","
","google_places
","
","
",
"Promo Expertz
","
","
","
","
","google_places
","
","
",
"iContent
","
","
","https://icontent.co.in/social-media-marketing-agency-in-mumbai/
","
","google_places
","
","
",
"Tzar Digital Marketing Agency
","
","
","https://www.tzar.co/
","
","google_places
","
","
",
"Owl Prime - Digital Marketing Agency in Mumbai - SEO Company in Mumbai - Healthcare, Hospital & Doctor Agency in Thane
","
","
","https://www.owlprime.com/
","
","google_places
","
","
",
"Digital Marketing Agency
","
","
","https://digitalmarketingagencyinmumbai.com/
","
","google_places
","
","
",
"Ignitic Ideas - Digital Marketing Agency Thane Mumbai
","
","
","https://igniticideas.in/
","
","google_places
","
","
",
"Hastag Creator #Creator is the India's Largest Influencer Marketing Agency, Best Digital Marketing Agency in Mumbai, IND
","
","
","http://www.hastagcreator.com/
","
","google_places
","
","
",
"Brandyaar Best AI Digital Marketing Agency in Navi Mumbai
","
","
","https://www.brandyaar.com/
","
","google_places
","
","
",
"Sociial Mantraa | Digital Marketing Agency | Website Designing | Social Media Marketing | Event marketing | SEO | Mumbai
","
","
","http://www.sociialmantraa.com/
","
","google_places
","
","
",
"OMNITAG MEDIA PVT LTD
","
","
","https://omnitagmedia.com/
","
","google_places
","
","
",